"","X","Store","Date","IsHoliday","Dept","Weekly_Sales","Temperature","Fuel_Price","MarkDown1","MarkDown2","MarkDown3","MarkDown4","MarkDown5","CPI","Unemployment","Type","Size"
"202017",202017,21,"2011-02-25",FALSE,36,1025,61.27,3.065,NA,NA,NA,NA,NA,213.190421,8.028,"B",140167
"165520",165520,17,"2012-03-02",FALSE,31,1236.64,26.28,3.242,14469.08,1163.89,37.38,8771.3,2237.79,130.6457931,6.403,"B",93188
"389207",389207,41,"2011-12-02",FALSE,94,37971,34.53,3.378,4594.56,305.47,1781.24,3168.1,21739.26,195.8223287,6.759,"A",196321
"133193",133193,14,"2011-05-06",FALSE,67,26400.02,58.21,4.046,NA,NA,NA,NA,NA,185.9374378,8.521,"A",200898
"401356",401356,43,"2010-10-08",FALSE,1,8748.54,72.81,2.633,NA,NA,NA,NA,NA,203.6651786,10.21,"C",41062
"259159",259159,27,"2010-06-18",FALSE,29,8258.5,70,2.942,NA,NA,NA,NA,NA,136.3243393,8.058,"A",204184
"76741",76741,8,"2012-03-23",FALSE,21,4054.58,52.9,3.787,6155.76,499.11,2.04,403.32,2748.36,224.8399424,5.825,"A",155078
"329742",329742,34,"2012-03-16",FALSE,74,8091.21,48.09,3.707,6104.24,94.31,2.7,479.7,1656.98,130.8261935,9.653,"A",158114
"364733",364733,39,"2010-09-10",TRUE,97,24890.56,79.94,2.565,NA,NA,NA,NA,NA,210.2641156,8.36,"A",184109
"34122",34122,4,"2011-04-15",FALSE,59,562.83,62.34,3.724,NA,NA,NA,NA,NA,128.9107333,5.946,"A",205863
"410462",410462,44,"2011-08-26",FALSE,3,2059.37,81.53,3.57,NA,NA,NA,NA,NA,129.2832581,6.56,"C",39910
"21456",21456,3,"2010-05-07",FALSE,6,1660.85,73.47,2.835,NA,NA,NA,NA,NA,213.6211778,7.343,"B",37392
"151848",151848,16,"2011-01-21",FALSE,27,553.43,28.6,2.973,NA,NA,NA,NA,NA,191.5731924,6.614,"B",57197
"407194",407194,44,"2010-05-21",FALSE,79,4593.52,57.71,2.95,NA,NA,NA,NA,NA,126.1843871,7.972,"C",39910
"364158",364158,39,"2010-07-16",FALSE,93,36734.9,83.86,2.623,NA,NA,NA,NA,NA,209.8630532,8.36,"A",184109
"94261",94261,10,"2011-10-14",FALSE,8,82247.55,70.27,3.698,NA,NA,NA,NA,NA,129.7706452,7.874,"B",126512
"235368",235368,24,"2012-02-17",FALSE,55,17259.47,33.92,3.874,12244.57,10925.86,25.52,15725.51,5533.12,137.2583103,8.659,"A",203819
"80319",80319,9,"2010-07-09",FALSE,33,2545,78.51,2.642,NA,NA,NA,NA,NA,214.6564301,6.442,"B",125833
"213593",213593,22,"2011-09-09",TRUE,45,11.97,69.14,3.809,NA,NA,NA,NA,NA,140.2310173,8.023,"B",119557
"360797",360797,38,"2012-03-16",FALSE,17,587.27,64.44,4.273,480.19,0.5,1.02,NA,1158.07,130.8261935,12.187,"C",39690
"221704",221704,23,"2011-03-11",FALSE,23,30163.66,29.36,3.6,NA,NA,NA,NA,NA,133.7361429,5.114,"B",114533
"274738",274738,28,"2011-11-25",TRUE,97,18635.75,53.25,3.622,2232.08,179.73,61319.72,513.76,1790.89,129.8364,12.89,"A",206302
"104015",104015,11,"2011-09-02",FALSE,17,12238.33,91.44,3.533,NA,NA,NA,NA,NA,219.1501106,7.567,"A",207499
"343918",343918,36,"2011-02-11",TRUE,92,50928.91,41.16,3.009,NA,NA,NA,NA,NA,211.6985093,8.395,"A",39910
"359342",359342,38,"2011-09-02",FALSE,60,422.4,93.66,3.798,NA,NA,NA,NA,NA,129.3259355,13.503,"C",39690
"217274",217274,22,"2012-09-21",FALSE,93,2486.5,63.38,4.056,7150.28,106.01,19,1217.3,7556.34,142.6798167,7.753,"B",119557
"240753",240753,25,"2010-11-05",FALSE,21,5326.88,38.8,2.917,NA,NA,NA,NA,NA,205.160837,7.484,"B",128107
"159021",159021,17,"2010-05-07",FALSE,83,554.44,40.26,2.948,NA,NA,NA,NA,NA,126.2898,6.635,"B",93188
"20447",20447,2,"2012-10-19",FALSE,17,12404.85,68.08,3.594,4461.89,NA,1.14,1579.67,2642.29,223.0598077,6.17,"A",202307
"149453",149453,16,"2010-05-07",FALSE,74,9979.58,37.43,2.771,NA,NA,NA,NA,NA,189.5312483,6.842,"B",57197
"146311",146311,15,"2012-03-16",FALSE,3,7062.9,47.42,4.021,3518.76,104.88,2.98,797.26,1364.77,137.5843871,7.943,"B",123737
"360158",360158,38,"2011-12-23",FALSE,9,20.24,45.4,3.541,59.23,NA,0.6,NA,1588.1,129.9845484,12.89,"C",39690
"394798",394798,42,"2010-12-17",FALSE,21,1196.75,59.15,3.125,NA,NA,NA,NA,NA,126.8794839,9.003,"C",39690
"104629",104629,11,"2011-11-04",FALSE,25,14632.13,61.13,3.332,NA,NA,NA,NA,NA,221.245968,7.197,"A",207499
"38310",38310,4,"2012-05-25",FALSE,22,14558.19,77.47,3.551,4330.02,436,862.31,3268.41,3749.53,131.0287742,4.308,"A",205863
"180543",180543,19,"2010-10-22",FALSE,37,2574.65,48.45,3.049,NA,NA,NA,NA,NA,132.8170968,8.067,"A",203819
"42712",42712,5,"2010-12-10",FALSE,74,2568.21,48.27,2.843,NA,NA,NA,NA,NA,212.0193491,6.768,"B",34875
"178473",178473,19,"2010-04-02",FALSE,26,12130.74,45.26,2.957,NA,NA,NA,NA,NA,131.9019677,8.185,"A",203819
"229207",229207,24,"2010-06-25",FALSE,58,4506,74.9,2.958,NA,NA,NA,NA,NA,132.4976,8.211,"A",203819
"295890",295890,31,"2010-05-14",FALSE,22,7636.23,73.08,2.854,NA,NA,NA,NA,NA,209.9984585,8.2,"A",203750
"89517",89517,10,"2010-07-09",FALSE,60,536.8,91.03,3.1,NA,NA,NA,NA,NA,126.1518,9.199,"B",126512
"44516",44516,5,"2011-06-24",FALSE,42,2735.21,84.76,3.594,NA,NA,NA,NA,NA,215.6539583,6.489,"B",34875
"357899",357899,38,"2011-02-18",FALSE,74,286.11,53.35,3.43,NA,NA,NA,NA,NA,127.99525,14.021,"C",39690
"234723",234723,24,"2011-12-16",FALSE,35,3640.1,36,3.611,6244.37,9.09,143.42,1766.33,5516.14,136.5335161,8.454,"A",203819
"215982",215982,22,"2012-05-11",FALSE,22,10329.19,56.72,3.947,16294.31,NA,100.09,3370.19,3482.48,142.0759262,7.671,"B",119557
"398410",398410,42,"2012-05-18",FALSE,16,1300.73,85.19,4.308,354.41,NA,NA,NA,1393.17,131.0983226,7.382,"C",39690
"27368",27368,3,"2012-02-24",FALSE,26,3382.7,60.12,3.555,6129.28,1802.84,NA,301.48,1929.71,224.1320199,6.833,"B",37392
"63557",63557,7,"2011-04-22",FALSE,90,13155.08,31.84,3.636,NA,NA,NA,NA,NA,192.5234638,8.595,"B",70713
"40291",40291,5,"2010-03-12",FALSE,60,220,58.5,2.667,NA,NA,NA,NA,NA,211.9371839,6.566,"B",34875
"369084",369084,39,"2011-11-25",TRUE,98,17014.15,66.36,3.236,224.08,292.94,77126.16,77.74,4875.43,217.1812533,7.716,"A",184109
"252146",252146,26,"2011-04-15",FALSE,52,1386.96,39.46,3.823,NA,NA,NA,NA,NA,134.2784667,7.818,"A",152513
"285731",285731,29,"2012-04-06",FALSE,3,6690.49,46.38,3.957,9650.62,NA,10.77,1831.88,4732.84,137.7970968,9.14,"B",93638
"96592",96592,10,"2012-05-25",FALSE,48,3755,86.03,4.127,7786.58,NA,712.2,1701.28,3214.55,131.0287742,7.382,"B",126512
"176421",176421,18,"2012-06-08",FALSE,44,4606.82,59.1,3.746,9422.6,218,32.42,427.69,6113.61,138.1174194,8.304,"B",120653
"313394",313394,32,"2012-04-27",FALSE,21,4710.04,61.76,3.927,4162.67,126.71,45.62,382.41,2146.94,197.664546,8.09,"A",203007
"4701",4701,1,"2011-05-06",FALSE,95,120882.84,64.61,3.906,NA,NA,NA,NA,NA,215.7960035,7.682,"A",151315
"118894",118894,13,"2010-04-16",FALSE,14,20888.17,50.39,2.915,NA,NA,NA,NA,NA,126.5621,8.107,"A",219622
"240104",240104,25,"2010-09-03",FALSE,1,13997.07,71.17,2.715,NA,NA,NA,NA,NA,204.7583566,7.527,"B",128107
"216411",216411,22,"2012-06-22",FALSE,11,60650.8,70.61,3.629,8154.53,387.4,NA,2396.96,3938.83,142.1606464,7.671,"B",119557
"107064",107064,11,"2012-06-29",FALSE,94,40285.02,87.86,3.286,4430.73,219.8,NA,1799.43,6504.38,225.3492435,6.664,"A",207499
"378491",378491,40,"2011-09-30",FALSE,56,2830.29,63.45,3.684,NA,NA,NA,NA,NA,136.4195,4.584,"A",155083
"214337",214337,22,"2011-11-25",TRUE,46,18816.13,46.28,3.536,1649.31,NA,70087.94,7.5,5266.9,140.4217857,7.706,"B",119557
"327833",327833,34,"2011-09-09",TRUE,97,18910.84,70.05,3.554,NA,NA,NA,NA,NA,129.3686129,10.641,"A",158114
"409635",409635,44,"2011-05-06",FALSE,17,242.52,47.75,3.744,NA,NA,NA,NA,NA,129.0444333,6.906,"C",39910
"157379",157379,16,"2012-08-24",FALSE,32,4020.76,61.44,3.558,1556.47,16,3.34,869.05,1691.12,198.0984199,6.061,"B",57197
"161511",161511,17,"2011-01-21",FALSE,25,3331.97,26.62,2.934,NA,NA,NA,NA,NA,127.4404839,6.866,"B",93188
"328936",328936,34,"2011-12-23",FALSE,31,2082.3,32.45,3.103,1200.1,0.18,1108.23,37.22,2109.3,129.9845484,10.148,"A",158114
"383414",383414,41,"2010-04-30",FALSE,96,2325.41,40.2,2.766,NA,NA,NA,NA,NA,189.575127,7.363,"A",196321
"250729",250729,26,"2010-11-19",FALSE,20,2421,36.73,3.03,NA,NA,NA,NA,NA,132.9172,8.149,"A",152513
"372900",372900,40,"2010-03-19",FALSE,9,13173.06,40.54,2.834,NA,NA,NA,NA,NA,131.8242903,5.892,"A",155083
"181534",181534,19,"2011-01-28",FALSE,59,520.97,20.66,3.402,NA,NA,NA,NA,NA,133.1059677,7.771,"A",203819
"82713",82713,9,"2011-04-08",FALSE,21,3327.21,71.4,3.622,NA,NA,NA,NA,NA,218.6895775,6.38,"B",125833
"403702",403702,43,"2011-09-23",FALSE,28,0.99,78.98,3.467,NA,NA,NA,NA,NA,208.1642143,10.641,"C",41062
"112096",112096,12,"2011-02-25",FALSE,36,972.5,48.45,3.53,NA,NA,NA,NA,NA,128.13,14.021,"B",112238
"290527",290527,30,"2011-03-11",FALSE,5,212.84,54.69,3.459,NA,NA,NA,NA,NA,213.7646401,8.028,"C",42988
"398277",398277,42,"2012-04-27",FALSE,10,525.26,80.11,4.088,685.44,NA,12.09,NA,512.76,131.1266667,7.382,"C",39690
"116655",116655,12,"2012-06-08",FALSE,85,2603.01,84.83,4.103,10421.58,93.2,160.4,2385.69,4837.21,130.8896774,11.627,"B",112238
"196151",196151,20,"2012-04-06",FALSE,80,42536.15,50.06,3.996,8408.31,12.57,50.79,4289.46,7382.25,214.2387053,7.139,"A",203742
"370825",370825,39,"2012-05-18",FALSE,58,3240,72.36,3.63,6962.99,NA,7,2166.87,18547.03,220.4252149,6.989,"A",184109
"230173",230173,24,"2010-09-24",FALSE,28,986.72,64.3,2.837,NA,NA,NA,NA,NA,132.7619333,8.117,"A",203819
"406725",406725,44,"2010-03-12",FALSE,7,394.43,37.62,2.733,NA,NA,NA,NA,NA,126.6042857,8.119,"C",39910
"115449",115449,12,"2012-02-10",TRUE,3,16727.66,52.27,3.722,20281.03,2551.32,14.99,10597.74,7457.16,130.3849032,12.187,"B",112238
"341383",341383,35,"2012-10-05",FALSE,40,37285.64,64.5,3.985,6855.08,NA,3.66,2468.47,2737.33,142.8516833,8.665,"B",103681
"34069",34069,4,"2011-04-08",FALSE,19,3413.79,62.61,3.605,NA,NA,NA,NA,NA,128.8238065,5.946,"A",205863
"254538",254538,26,"2011-12-16",FALSE,90,64663.77,28.24,3.445,2698.03,NA,494.72,533.84,2670.1,136.5335161,7.598,"A",152513
"323286",323286,34,"2010-06-25",FALSE,2,34783.93,78.47,2.654,NA,NA,NA,NA,NA,126.1266,9.593,"A",158114
"197495",197495,20,"2012-08-10",FALSE,46,33364.22,75.4,3.722,16845.14,156.18,12.47,6921.28,6346.44,214.7484595,7.28,"A",203742
"159062",159062,17,"2010-05-14",FALSE,21,3750.69,47.28,2.962,NA,NA,NA,NA,NA,126.2085484,6.635,"B",93188
"313640",313640,32,"2012-05-25",FALSE,24,4047.33,59.74,3.804,7581.03,NA,216.17,748.97,3014.25,197.5886046,8.09,"A",203007
"124452",124452,13,"2011-09-30",FALSE,35,2723.19,68.28,3.623,NA,NA,NA,NA,NA,129.6060667,6.877,"A",219622
"362246",362246,38,"2012-09-21",FALSE,18,312.05,82.97,4.125,192.78,NA,NA,1.5,2251.8,131.0103333,10.926,"C",39690
"209206",209206,22,"2010-06-11",FALSE,74,19858.2,65.01,2.83,NA,NA,NA,NA,NA,136.2874263,8.348,"B",119557
"155472",155472,16,"2012-02-10",TRUE,98,21.08,23.69,3.103,7247.14,985.13,0.45,9481.58,6298.1,196.9195056,6.162,"B",57197
"260865",260865,27,"2010-12-03",FALSE,18,79032.81,41.81,3.2,NA,NA,NA,NA,NA,136.6075714,8.021,"A",204184
"43558",43558,5,"2011-03-11",FALSE,13,10424.66,55.74,3.459,NA,NA,NA,NA,NA,214.6729901,6.634,"B",34875
"77427",77427,8,"2012-06-01",FALSE,97,17009.05,78.31,3.501,11578.32,41.6,58.17,1319.45,2044.72,225.300865,5.679,"A",155078
"48324",48324,5,"2012-08-24",FALSE,22,2699.15,79.45,3.62,1985.37,68,4.54,627.6,1355.17,222.7617437,5.603,"B",34875
"161416",161416,17,"2011-01-07",FALSE,6,3966.68,6.23,2.891,NA,NA,NA,NA,NA,127.1917742,6.866,"B",93188
"183269",183269,19,"2011-07-15",FALSE,14,12774.19,73.7,3.915,NA,NA,NA,NA,NA,135.7837419,7.806,"A",203819
"169468",169468,18,"2010-07-02",FALSE,7,38261.76,71.22,2.815,NA,NA,NA,NA,NA,132.5218667,9.342,"B",120653
"26392",26392,3,"2011-11-11",FALSE,5,14194.63,61.7,3.297,8787.59,2006.62,200.01,570.57,1005.33,221.4117517,7.197,"B",37392
"103628",103628,11,"2011-07-29",FALSE,7,25608.69,89.46,3.682,NA,NA,NA,NA,NA,218.8440545,7.567,"A",207499
"270373",270373,28,"2010-09-24",FALSE,25,12841.79,81.77,2.939,NA,NA,NA,NA,NA,126.1900333,14.18,"A",206302
"361785",361785,38,"2012-07-27",FALSE,31,46.5,93.47,3.769,0.27,NA,NA,NA,1622.77,130.7195806,10.926,"C",39690
"8175",8175,1,"2012-04-13",FALSE,97,36554.07,69.07,3.891,6186.19,3288.69,17.07,1822.55,1063.78,221.5102105,7.143,"A",151315
"234225",234225,24,"2011-10-28",FALSE,30,2961.56,48,3.757,NA,NA,NA,NA,NA,136.4884516,8.454,"A",203819
"153052",153052,16,"2011-05-27",FALSE,30,1036,45.17,3.795,NA,NA,NA,NA,NA,192.8365651,6.339,"B",57197
"11834",11834,2,"2010-07-02",FALSE,12,8646.9,82.74,2.669,NA,NA,NA,NA,NA,210.8803726,8.099,"A",202307
"3381",3381,1,"2010-12-31",TRUE,44,2940.67,48.43,2.943,NA,NA,NA,NA,NA,211.4049321,7.838,"A",151315
"45496",45496,5,"2011-10-14",FALSE,60,193.6,72.36,3.274,NA,NA,NA,NA,NA,217.9237458,6.3,"B",34875
"297849",297849,31,"2010-11-19",FALSE,11,10563.31,51.71,2.771,NA,NA,NA,NA,NA,211.5470304,8.163,"A",203750
"100695",100695,11,"2010-10-08",FALSE,74,22135.27,68.71,2.633,NA,NA,NA,NA,NA,215.060858,7.564,"A",207499
"221839",221839,23,"2011-03-25",FALSE,59,878.39,29.11,3.624,NA,NA,NA,NA,NA,133.9587419,5.114,"B",114533
"335541",335541,35,"2011-02-04",FALSE,29,8397.28,28.7,3.231,NA,NA,NA,NA,NA,137.0542431,8.549,"B",103681
"35223",35223,4,"2011-07-29",FALSE,22,16294.57,84.36,3.659,NA,NA,NA,NA,NA,129.1677097,5.644,"A",205863
"349956",349956,37,"2010-11-26",TRUE,81,10145.1,67.73,2.735,NA,NA,NA,NA,NA,210.5152765,8.476,"C",39910
"264455",264455,27,"2011-11-18",FALSE,37,3011.71,51.42,3.717,32812.24,5487.82,143.88,567.08,14703.26,140.4127857,7.906,"A",204184
"309",309,1,"2010-03-05",FALSE,93,63550.08,46.5,2.625,NA,NA,NA,NA,NA,211.3501429,8.106,"A",151315
"283476",283476,29,"2011-08-19",FALSE,85,1978.92,71.3,3.82,NA,NA,NA,NA,NA,136.183129,9.863,"B",93638
"132549",132549,14,"2011-03-04",FALSE,4,55669.47,38.65,3.433,NA,NA,NA,NA,NA,184.3879911,8.549,"A",200898
"170743",170743,18,"2010-11-12",FALSE,2,60417.04,43.17,2.961,NA,NA,NA,NA,NA,132.9783226,9.331,"B",120653
"146861",146861,15,"2012-05-11",FALSE,72,30468.37,54.23,4.055,11017,NA,11.17,1287.37,2683.72,138.0882667,8.15,"B",123737
"252754",252754,26,"2011-06-17",FALSE,59,111.56,54.5,3.873,NA,NA,NA,NA,NA,135.0837333,7.818,"A",152513
"204643",204643,21,"2011-11-25",TRUE,42,5662.66,56.43,3.236,233.85,206.36,40561.8,319.19,170.64,218.1130269,7.441,"B",140167
"307495",307495,32,"2010-10-01",FALSE,5,20340.36,66.14,2.759,NA,NA,NA,NA,NA,190.6738241,9.137,"A",203007
"25641",25641,3,"2011-08-19",FALSE,21,1083.57,88.44,3.554,NA,NA,NA,NA,NA,219.023271,7.567,"B",37392
"311026",311026,32,"2011-09-09",TRUE,40,56945.88,61.24,3.566,NA,NA,NA,NA,NA,194.6387853,8.622,"A",203007
"134362",134362,14,"2011-09-02",FALSE,54,40.92,70.63,3.703,NA,NA,NA,NA,NA,186.6189274,8.625,"A",200898
"88995",88995,10,"2010-05-21",FALSE,20,14601.7,78.32,3.12,NA,NA,NA,NA,NA,126.1843871,9.524,"B",126512
"122996",122996,13,"2011-05-13",FALSE,42,7699.5,52.4,3.77,NA,NA,NA,NA,NA,129.089,7.193,"A",219622
"67015",67015,7,"2012-04-06",FALSE,49,26.73,44.29,3.854,7550.89,NA,21.98,1156.2,3500.91,197.5971285,8.09,"B",70713
"17135",17135,2,"2011-12-02",FALSE,97,34999.01,48.74,3.172,8010.99,83.47,1897.27,4444,28238.93,218.3590319,7.441,"A",202307
"221674",221674,23,"2011-03-11",FALSE,60,105.6,29.36,3.6,NA,NA,NA,NA,NA,133.7361429,5.114,"B",114533
"24053",24053,3,"2011-02-25",FALSE,19,587.84,67.4,3.065,NA,NA,NA,NA,NA,216.8780275,7.551,"B",37392
"175024",175024,18,"2012-01-20",FALSE,96,3.36,24.2,3.542,4209.35,5114.77,3.66,414.31,965.11,136.8564194,8.075,"B",120653
"253437",253437,26,"2011-08-26",FALSE,72,49101.04,61.1,3.796,NA,NA,NA,NA,NA,136.2136129,7.767,"A",152513
"288372",288372,30,"2010-05-07",FALSE,87,274.76,70.87,2.835,NA,NA,NA,NA,NA,210.0011018,8.2,"C",42988
"315361",315361,33,"2010-02-12",TRUE,91,8972.54,55.47,2.828,NA,NA,NA,NA,NA,126.4962581,10.115,"A",39690
"414537",414537,45,"2010-05-07",FALSE,38,48174.69,70.75,2.966,NA,NA,NA,NA,NA,181.6468154,8.899,"B",118221
"89280",89280,10,"2010-06-18",FALSE,33,12082.22,83.49,2.935,NA,NA,NA,NA,NA,126.114,9.524,"B",126512
"81039",81039,9,"2010-10-01",FALSE,27,406.8,69.08,2.603,NA,NA,NA,NA,NA,215.2141341,6.56,"B",125833
"97530",97530,10,"2012-08-24",FALSE,19,2570.19,82.5,4.055,11322.69,NA,34,6602.59,7256.22,130.8381613,7.17,"B",126512
"58119",58119,6,"2012-07-13",FALSE,54,46.92,80.27,3.256,8413.69,113.45,39.42,5516.18,2724.98,223.5332824,5.668,"A",202505
"265450",265450,27,"2012-02-24",FALSE,31,2172.98,41.74,3.917,16993.22,13384.32,9.6,8237.33,9045.21,141.3007857,8.009,"A",204184
"217863",217863,23,"2010-02-19",FALSE,93,1047.99,26.7,2.747,NA,NA,NA,NA,NA,131.637,5.892,"B",114533
"272458",272458,28,"2011-04-15",FALSE,40,47354.08,57.63,3.868,NA,NA,NA,NA,NA,128.9107333,13.736,"A",206302
"64498",64498,7,"2011-07-29",FALSE,33,2069.33,56.66,3.547,NA,NA,NA,NA,NA,193.711525,8.622,"B",70713
"104539",104539,11,"2011-10-28",FALSE,67,9429.57,72.66,3.372,NA,NA,NA,NA,NA,221.0801842,7.197,"A",207499
"371071",371071,39,"2012-06-15",FALSE,10,19125.74,81.33,3.393,8270.46,76.4,0.06,3324.17,25107.85,220.4494148,6.989,"A",184109
"212909",212909,22,"2011-07-01",FALSE,9,35906.37,70.8,3.815,NA,NA,NA,NA,NA,139.36375,8.023,"B",119557
"107034",107034,11,"2012-06-29",FALSE,14,21633.8,87.86,3.286,4430.73,219.8,NA,1799.43,6504.38,225.3492435,6.664,"A",207499
"158860",158860,17,"2010-04-23",FALSE,27,1412,52.25,2.936,NA,NA,NA,NA,NA,126.4713333,6.635,"B",93188
"291494",291494,30,"2011-07-22",FALSE,13,11215.62,90.27,3.651,NA,NA,NA,NA,NA,215.0749122,7.852,"C",42988
"281561",281561,29,"2011-01-28",FALSE,12,1226.64,20.61,3.243,NA,NA,NA,NA,NA,133.1059677,10.256,"B",93638
"218755",218755,23,"2010-05-21",FALSE,85,4601.34,57.94,2.961,NA,NA,NA,NA,NA,132.2230323,5.435,"B",114533
"87762",87762,9,"2012-10-19",FALSE,30,1623.42,68.01,3.594,545.72,NA,8,28.94,3098.87,227.214288,4.954,"B",125833
"89382",89382,10,"2010-06-25",FALSE,8,83658.17,90.32,3.084,NA,NA,NA,NA,NA,126.1266,9.524,"B",126512
"190557",190557,20,"2010-10-01",FALSE,7,32676.83,61.08,2.707,NA,NA,NA,NA,NA,204.8850973,7.484,"A",203742
"163807",163807,17,"2011-09-09",TRUE,48,397,61.94,3.619,NA,NA,NA,NA,NA,129.3686129,6.745,"B",93188
"144395",144395,15,"2011-09-02",FALSE,24,10893.32,67.63,3.879,NA,NA,NA,NA,NA,136.2440968,7.806,"B",123737
"248475",248475,26,"2010-04-02",FALSE,45,11.47,36.53,2.826,NA,NA,NA,NA,NA,131.9019677,8.512,"A",152513
"239068",239068,25,"2010-05-21",FALSE,49,12727.35,57.17,2.958,NA,NA,NA,NA,NA,203.8770235,7.856,"B",128107
"409070",409070,44,"2011-02-11",TRUE,67,1329.56,30.83,3.034,NA,NA,NA,NA,NA,127.859129,7.224,"C",39910
"407208",407208,44,"2010-05-21",FALSE,87,96.17,57.71,2.95,NA,NA,NA,NA,NA,126.1843871,7.972,"C",39910
"217011",217011,22,"2012-08-24",FALSE,71,5649.17,70.42,3.874,10456.16,100.54,104.14,6657.04,4648.25,142.3105933,7.753,"B",119557
"250077",250077,26,"2010-09-17",FALSE,34,7254.03,50.08,2.716,NA,NA,NA,NA,NA,132.7670667,8.445,"A",152513
"239576",239576,25,"2010-07-09",FALSE,97,2629,75.24,2.793,NA,NA,NA,NA,NA,204.3625658,7.527,"B",128107
"36411",36411,4,"2011-11-25",TRUE,85,2671.83,47.96,3.225,561.45,137.88,83340.33,44.04,9239.23,129.8364,5.143,"A",205863
"292052",292052,30,"2011-10-07",FALSE,25,6.96,71.64,3.285,NA,NA,NA,NA,NA,216.6958311,7.441,"C",42988
"57916",57916,6,"2012-06-29",FALSE,60,387,87.35,3.286,3997.4,231.9,NA,262.44,4182.9,223.4506878,5.964,"A",202505
"186641",186641,19,"2012-06-15",FALSE,38,64276.83,68.19,3.786,9987.83,697,0.05,2837.84,4710.66,138.1295333,8.15,"A",203819
"211166",211166,22,"2010-12-31",TRUE,54,65,28.49,3.177,NA,NA,NA,NA,NA,136.665265,8.572,"B",119557
"410716",410716,44,"2011-09-30",FALSE,80,4949,68.28,3.623,NA,NA,NA,NA,NA,129.6060667,6.56,"C",39910
"1423",1423,1,"2010-06-18",FALSE,29,4022,84.11,2.637,NA,NA,NA,NA,NA,211.4537719,7.808,"A",151315
"8788",8788,1,"2012-06-08",FALSE,55,9950.02,78.3,3.452,8813.81,116.8,64.55,2652.04,7161.91,221.7494839,7.143,"A",151315
"246994",246994,25,"2012-08-03",FALSE,21,4828.17,72.08,3.654,14653.91,1155.02,13.07,10978.83,2021.96,214.7433514,7.28,"B",128107
"382077",382077,40,"2012-09-21",FALSE,97,16465.01,54.12,4.056,3688.63,7.64,NA,693.23,4870.36,138.6534,4.156,"A",155083
"57165",57165,6,"2012-04-13",FALSE,74,18417.93,71.29,3.891,4634.18,6968.14,18.04,1544.21,2875.46,223.1163529,5.964,"A",202505
"332629",332629,35,"2010-04-02",FALSE,54,537,46.9,2.85,NA,NA,NA,NA,NA,135.7464988,9.051,"B",103681
"81077",81077,9,"2010-10-01",FALSE,24,1505.2,69.08,2.603,NA,NA,NA,NA,NA,215.2141341,6.56,"B",125833
"153570",153570,16,"2011-07-22",FALSE,32,5733.86,65.36,3.545,NA,NA,NA,NA,NA,193.5120367,6.338,"B",57197
"185841",185841,19,"2012-03-23",FALSE,28,769.35,56.72,4.054,6048.55,170.78,1.02,986.74,2684.83,137.6552903,7.943,"A",203819
"421527",421527,45,"2012-04-27",FALSE,49,20.79,53.2,4.004,2872.86,0.03,37.12,74.97,2495.29,190.8680064,8.567,"B",118221
"414037",414037,45,"2010-03-12",FALSE,18,625.64,45.8,2.818,NA,NA,NA,NA,NA,182.1628441,8.992,"B",118221
"192220",192220,20,"2011-03-18",FALSE,12,6828.92,44.8,3.631,NA,NA,NA,NA,NA,207.4283845,7.343,"A",203742
"111530",111530,12,"2010-12-31",TRUE,52,2387.52,45.64,3.148,NA,NA,NA,NA,NA,127.0876774,14.313,"B",112238
"316990",316990,33,"2010-11-05",FALSE,60,96.8,74.23,3.009,NA,NA,NA,NA,NA,126.4912903,9.265,"A",39690
"231154",231154,24,"2010-12-31",TRUE,90,67131.27,25.9,3.336,NA,NA,NA,NA,NA,132.8150323,8.275,"A",203819
"69206",69206,8,"2010-02-19",FALSE,26,9530.26,39.1,2.514,NA,NA,NA,NA,NA,214.6664878,6.299,"A",155078
"118552",118552,13,"2010-03-19",FALSE,56,4014.83,42.49,2.782,NA,NA,NA,NA,NA,126.6066452,8.316,"A",219622
"106654",106654,11,"2012-05-18",FALSE,92,77866.5,72.53,3.63,4622.9,NA,9.22,479.55,4109.33,225.2512024,6.664,"A",207499
"234386",234386,24,"2011-11-11",FALSE,99,50,46.78,3.719,9391.17,20595.49,686.11,5950.16,6034.65,136.4618065,8.454,"A",203819
"420110",420110,45,"2011-12-09",FALSE,79,16682.59,46.57,3.415,6176.69,2.87,379.57,1593.44,10170.5,188.6544692,8.523,"B",118221
"373943",373943,40,"2010-07-02",FALSE,95,83027.13,65.47,2.815,NA,NA,NA,NA,NA,132.5218667,5.326,"A",155083
"42030",42030,5,"2010-09-24",FALSE,38,62008.01,78.53,2.624,NA,NA,NA,NA,NA,212.1519404,6.496,"B",34875
"159153",159153,17,"2010-05-21",FALSE,90,28337.62,53.94,2.95,NA,NA,NA,NA,NA,126.1843871,6.635,"B",93188
"192922",192922,20,"2011-05-20",FALSE,8,76994.66,59.01,4.062,NA,NA,NA,NA,NA,208.7583165,7.287,"A",203742
"103656",103656,11,"2011-07-29",FALSE,85,2040.91,89.46,3.682,NA,NA,NA,NA,NA,218.8440545,7.567,"A",207499
"79730",79730,9,"2010-04-30",FALSE,56,13279.62,66.07,2.78,NA,NA,NA,NA,NA,213.8990459,6.384,"B",125833
"62985",62985,7,"2011-02-18",FALSE,1,10998.01,17.3,3.051,NA,NA,NA,NA,NA,191.9178331,8.818,"B",70713
"220933",220933,23,"2010-12-24",FALSE,72,225156.09,22.96,3.15,NA,NA,NA,NA,NA,132.7477419,5.287,"B",114533
"2271",2271,1,"2010-09-10",TRUE,83,5434.06,78.69,2.565,NA,NA,NA,NA,NA,211.4951902,7.787,"A",151315
"197648",197648,20,"2012-08-31",FALSE,26,12039.16,72.66,3.867,19058.96,32.04,125.49,9015.83,4449.08,215.0878309,7.28,"A",203742
"156511",156511,16,"2012-05-25",FALSE,32,3348.68,57.36,3.804,990.24,NA,123.98,321.46,1405.5,197.5886046,6.169,"B",57197
"128627",128627,14,"2010-02-05",FALSE,33,7836.99,27.31,2.784,NA,NA,NA,NA,NA,181.8711898,8.992,"A",200898
"394896",394896,42,"2010-12-31",TRUE,11,1738.14,49.67,3.148,NA,NA,NA,NA,NA,127.0876774,9.003,"C",39690
"24236",24236,3,"2011-03-18",FALSE,90,1430.9,69.47,3.488,NA,NA,NA,NA,NA,217.7235226,7.551,"B",37392
"353700",353700,37,"2012-04-20",FALSE,25,63.84,70.87,3.877,125,32.57,6.3,NA,3201.88,220.2483937,6.989,"C",39910
"157335",157335,16,"2012-08-17",FALSE,27,752.11,62.07,3.545,408.1,NA,1.1,870.38,604.8,198.1001057,6.061,"B",57197
"243014",243014,25,"2011-06-24",FALSE,22,7070.49,70.71,3.804,NA,NA,NA,NA,NA,208.2306018,7.287,"B",128107
"335559",335559,35,"2011-02-04",FALSE,6,7927.65,28.7,3.231,NA,NA,NA,NA,NA,137.0542431,8.549,"B",103681
"240221",240221,25,"2010-09-10",TRUE,81,7237.69,61.14,2.699,NA,NA,NA,NA,NA,204.7266827,7.527,"B",128107
"42653",42653,5,"2010-12-03",FALSE,54,32,51.31,2.708,NA,NA,NA,NA,NA,212.1613951,6.768,"B",34875
"22173",22173,3,"2010-07-30",FALSE,25,2370.46,82.04,2.64,NA,NA,NA,NA,NA,214.695346,7.346,"B",37392
"243255",243255,25,"2011-07-22",FALSE,60,167.2,78.1,3.811,NA,NA,NA,NA,NA,208.5937018,7.274,"B",128107
"221762",221762,23,"2011-03-18",FALSE,93,1979.14,37.28,3.634,NA,NA,NA,NA,NA,133.8492258,5.114,"B",114533
"199263",199263,21,"2010-05-07",FALSE,13,29878.82,70.87,2.835,NA,NA,NA,NA,NA,210.0011018,8.2,"B",140167
"297900",297900,31,"2010-11-26",TRUE,12,2924.12,62.96,2.735,NA,NA,NA,NA,NA,211.4062867,8.163,"A",203750
"375163",375163,40,"2010-10-29",FALSE,26,4757.94,47.1,2.938,NA,NA,NA,NA,NA,132.8708387,5.287,"A",155083
"9105",9105,1,"2012-07-13",FALSE,80,19943.94,77.12,3.256,7218.13,45.2,36.24,3909.38,2596.37,221.9241579,6.908,"A",151315
"91284",91284,10,"2010-12-24",FALSE,97,4819.93,57.06,3.236,NA,NA,NA,NA,NA,126.9835806,9.003,"B",126512
"263495",263495,27,"2011-08-19",FALSE,67,8242.2,72.97,3.942,NA,NA,NA,NA,NA,140.1289205,7.85,"A",204184
"7873",7873,1,"2012-03-09",FALSE,21,7309.95,58.76,3.669,10331.04,151.88,6,671.43,5509.84,221.0591887,7.348,"A",151315
"229615",229615,24,"2010-07-30",FALSE,49,7043.75,75.91,2.932,NA,NA,NA,NA,NA,132.5983871,8.117,"A",203819
"51735",51735,6,"2010-10-29",FALSE,72,62931.73,70.39,2.716,NA,NA,NA,NA,NA,213.4302994,7.007,"A",202505
"290793",290793,30,"2011-04-15",FALSE,8,10914,71.01,3.743,NA,NA,NA,NA,NA,214.9420631,7.931,"C",42988
"30032",30032,4,"2010-03-12",FALSE,83,10764.16,49.63,2.704,NA,NA,NA,NA,NA,126.6042857,8.623,"A",205863
"410427",410427,44,"2011-08-19",FALSE,94,23961.68,76.68,3.578,NA,NA,NA,NA,NA,129.2405806,6.56,"C",39910
"118422",118422,13,"2010-03-05",FALSE,74,32269.25,40.65,2.681,NA,NA,NA,NA,NA,126.5782857,8.316,"A",219622
"244525",244525,25,"2011-11-25",TRUE,6,22942.08,43.49,3.492,208.47,65,58539.77,6.47,926.72,211.4120757,7.082,"B",128107
"34236",34236,4,"2011-04-22",FALSE,20,7265.86,68.8,3.781,NA,NA,NA,NA,NA,128.9553,5.946,"A",205863
"345831",345831,36,"2011-12-09",FALSE,93,21226.81,50.64,3.147,NA,NA,-0.87,NA,1129.02,217.6645878,7.716,"A",39910
"237945",237945,24,"2012-10-26",FALSE,14,14148.38,55.16,4.071,10844.38,104.16,105.09,1795.68,3059.8,138.7281613,8.693,"A",203819
"223986",223986,23,"2011-10-21",FALSE,42,13221.08,52.12,3.618,NA,NA,NA,NA,NA,136.5017742,4.42,"B",114533
"240890",240890,25,"2010-11-19",FALSE,24,3039.57,42.72,3,NA,NA,NA,NA,NA,205.0992811,7.484,"B",128107
"132897",132897,14,"2011-04-08",FALSE,94,69088.09,48.71,3.72,NA,NA,NA,NA,NA,185.3636656,8.521,"A",200898
"155474",155474,16,"2012-02-10",TRUE,35,347.47,23.69,3.103,7247.14,985.13,0.45,9481.58,6298.1,196.9195056,6.162,"B",57197
"24907",24907,3,"2011-05-27",FALSE,18,1,84.41,3.786,NA,NA,NA,NA,NA,218.8860765,7.574,"B",37392
"117469",117469,12,"2012-08-31",FALSE,16,6573.8,89.78,4.093,30055.26,13.2,116.87,11860.18,3746.24,130.8853548,10.926,"B",112238
"98114",98114,10,"2012-10-19",FALSE,32,14967.02,72.71,4.449,3067.64,NA,53.6,967.02,2705.58,131.1499677,6.943,"B",126512
"142691",142691,15,"2011-03-18",FALSE,42,4198.08,40.23,3.796,NA,NA,NA,NA,NA,133.8492258,7.771,"B",123737
"393964",393964,42,"2010-08-13",FALSE,60,290.4,88.37,3.049,NA,NA,NA,NA,NA,126.064,9.199,"C",39690
"363972",363972,39,"2010-06-25",FALSE,30,4718.18,83.24,2.653,NA,NA,NA,NA,NA,210.0975233,8.464,"A",184109
"190608",190608,20,"2010-10-08",FALSE,46,28446.73,51.5,2.764,NA,NA,NA,NA,NA,204.951982,7.484,"A",203742
"410950",410950,44,"2011-11-04",FALSE,14,480.7,43.51,3.538,NA,NA,NA,NA,NA,129.8051935,6.078,"C",39910
"254230",254230,26,"2011-11-11",FALSE,60,123.2,40.08,3.57,7174.09,6889.46,292.44,1581.44,2399.33,136.4618065,7.598,"A",152513
"315782",315782,33,"2010-04-23",FALSE,81,8624.01,71.59,3.05,NA,NA,NA,NA,NA,126.4713333,9.849,"A",39690
"256970",256970,26,"2012-08-17",FALSE,5,13373.64,65.54,3.84,2430.95,16,5.54,829.7,3038.77,138.1857097,7.405,"A",152513
"3419",3419,1,"2010-12-31",TRUE,38,67182.76,48.43,2.943,NA,NA,NA,NA,NA,211.4049321,7.838,"A",151315
"282512",282512,29,"2011-05-06",FALSE,38,47600.33,53.63,4.078,NA,NA,NA,NA,NA,134.5143667,9.966,"B",93638
"113959",113959,12,"2011-09-09",TRUE,13,48091.52,88,3.913,NA,NA,NA,NA,NA,129.3686129,13.503,"B",112238
"204437",204437,21,"2011-11-04",FALSE,38,45271.53,56.01,3.332,NA,NA,NA,NA,NA,217.4853605,7.441,"B",140167
"124877",124877,13,"2011-11-11",FALSE,30,3470.54,33.8,3.513,31400.97,30876.79,645.07,4407.38,7740.27,129.8167097,6.392,"A",219622
"30521",30521,4,"2010-04-30",FALSE,92,126903,53.04,2.787,NA,NA,NA,NA,NA,126.3805667,7.896,"A",205863
"1010",1010,1,"2010-05-07",FALSE,98,10972.91,72.55,2.835,NA,NA,NA,NA,NA,210.3399684,7.808,"A",151315
"26906",26906,3,"2012-01-06",FALSE,90,1850.28,52.42,3.157,3824.22,9389.98,15,415.36,1476.85,223.1923049,6.833,"B",37392
"840",840,1,"2010-04-23",FALSE,82,16204.99,64.84,2.795,NA,NA,NA,NA,NA,210.4391228,7.808,"A",151315
"257309",257309,26,"2012-09-14",FALSE,44,3873.03,57.69,3.988,7606.73,NA,22.66,368.91,9072.93,138.5673,7.405,"A",152513
"333474",333474,35,"2010-07-02",FALSE,38,39599.59,76.25,2.815,NA,NA,NA,NA,NA,136.3722893,8.861,"B",103681
"193168",193168,20,"2011-06-17",FALSE,56,5863.67,66.41,3.842,NA,NA,NA,NA,NA,208.1265604,7.287,"A",203742
"353192",353192,37,"2012-02-17",FALSE,31,565.06,54.38,3.51,1173.99,593.1,2.86,NA,1372.2,219.1148297,7.244,"C",39910
"63782",63782,7,"2011-05-13",FALSE,2,16276.06,36.61,3.767,NA,NA,NA,NA,NA,192.826069,8.595,"B",70713
"412669",412669,44,"2012-06-29",FALSE,46,6670.98,82,3.681,174.37,NA,NA,NA,1114.79,130.7562667,5.621,"C",39910
"250073",250073,26,"2010-09-17",FALSE,97,15083.97,50.08,2.716,NA,NA,NA,NA,NA,132.7670667,8.445,"A",152513
"351355",351355,37,"2011-06-10",FALSE,42,93.82,82.41,3.648,NA,NA,NA,NA,NA,213.7917147,8.3,"C",39910
"7614",7614,1,"2012-02-17",FALSE,52,1786.85,45.32,3.51,9873.33,11062.27,9.8,8409.31,3402.66,220.4257586,7.348,"A",151315
"44012",44012,5,"2011-04-29",FALSE,27,153.39,74.75,3.81,NA,NA,NA,NA,NA,216.1968142,6.489,"B",34875
"53229",53229,6,"2011-03-25",FALSE,6,4068.38,70.83,3.473,NA,NA,NA,NA,NA,216.1438163,6.858,"A",202505
"201704",201704,21,"2011-01-21",FALSE,2,43171.01,42.72,3.016,NA,NA,NA,NA,NA,211.4864691,8.028,"B",140167
"397847",397847,42,"2012-03-02",FALSE,85,43.45,57.62,3.882,441.4,10.78,1.96,NA,1511.43,130.6457931,7.545,"C",39690
"83156",83156,9,"2011-05-27",FALSE,10,15165.43,80.42,3.786,NA,NA,NA,NA,NA,219.1203788,6.38,"B",125833
"361945",361945,38,"2012-08-17",FALSE,21,1102.89,94.87,4.002,244.09,NA,5.14,11.22,2519.9,130.7909677,10.926,"C",39690
"5359",5359,1,"2011-07-08",FALSE,71,2096.32,85.83,3.48,NA,NA,NA,NA,NA,215.2771754,7.962,"A",151315
"303178",303178,31,"2012-04-27",FALSE,26,7145.8,69.21,3.814,2973.44,-0.91,10.16,542.5,9196.82,221.255812,6.891,"A",203750
"190948",190948,20,"2010-11-12",FALSE,91,85171.18,42.38,2.931,NA,NA,NA,NA,NA,205.2098614,7.484,"A",203742
"353817",353817,37,"2012-05-11",FALSE,90,43271.58,76.55,3.688,333.98,NA,0.7,NA,1500.11,220.4075581,6.989,"C",39910
"344540",344540,36,"2011-05-20",FALSE,74,508.53,73.02,3.925,NA,NA,NA,NA,NA,214.465412,8.3,"A",39910
"103921",103921,11,"2011-08-26",FALSE,14,20205.79,89.09,3.523,NA,NA,NA,NA,NA,219.0866908,7.567,"A",207499
"41859",41859,5,"2010-09-03",FALSE,60,308,84.06,2.577,NA,NA,NA,NA,NA,212.0869176,6.496,"B",34875
"229027",229027,24,"2010-06-04",FALSE,1,15120.8,71.99,3.006,NA,NA,NA,NA,NA,132.3648387,8.211,"A",203819
"368988",368988,39,"2011-11-18",FALSE,74,21974.69,66.09,3.308,3378.96,215.22,162.51,486.32,6941.94,216.9395861,7.716,"A",184109
"273758",273758,28,"2011-08-26",FALSE,40,37434.24,94.61,3.74,NA,NA,NA,NA,NA,129.2832581,13.503,"A",206302
"167045",167045,17,"2012-07-27",FALSE,21,3699.41,74.2,3.537,4345.01,57.6,7.79,3965.83,6114.63,130.7195806,5.936,"B",93188
"297047",297047,31,"2010-09-03",FALSE,26,5800.56,82.57,2.577,NA,NA,NA,NA,NA,211.1886931,8.099,"A",203750
"83336",83336,9,"2011-06-17",FALSE,67,5124.48,89.15,3.637,NA,NA,NA,NA,NA,218.5877333,6.38,"B",125833
"99169",99169,11,"2010-05-07",FALSE,96,19856.77,75.57,2.835,NA,NA,NA,NA,NA,213.6211778,7.343,"A",207499
"245958",245958,25,"2012-04-20",FALSE,4,20280.05,57.1,4.027,4862.43,2190.68,9.16,787.22,2870.05,214.3675045,7.139,"B",128107
"183672",183672,19,"2011-08-26",FALSE,93,36981.97,69.34,3.906,NA,NA,NA,NA,NA,136.2136129,7.806,"A",203819
"173241",173241,18,"2011-07-22",FALSE,67,6304.88,78.68,3.882,NA,NA,NA,NA,NA,135.8738387,8.89,"B",120653
"133947",133947,14,"2011-07-22",FALSE,10,22671.58,82.33,3.811,NA,NA,NA,NA,NA,186.2177885,8.625,"A",200898
"364396",364396,39,"2010-08-06",FALSE,23,18870.36,84.92,2.627,NA,NA,NA,NA,NA,210.2614925,8.36,"A",184109
"246296",246296,25,"2012-05-25",FALSE,5,7780.13,67.69,3.798,5154.82,NA,391.45,1581.91,2164.96,214.5499425,7.139,"B",128107
"25439",25439,3,"2011-07-29",FALSE,22,1553.6,88.07,3.682,NA,NA,NA,NA,NA,218.8440545,7.567,"B",37392
"310601",310601,32,"2011-07-29",FALSE,98,7640.49,75.91,3.547,NA,NA,NA,NA,NA,193.711525,8.622,"A",203007
"236156",236156,24,"2012-05-04",FALSE,54,48.68,52.14,4.124,19129.69,192,195.04,5860.88,4953.15,138.0332,8.983,"A",203819
"417328",417328,45,"2011-02-18",FALSE,67,15468.39,40.7,3.245,NA,NA,NA,NA,NA,183.9371353,8.549,"B",118221
"386488",386488,41,"2011-03-04",FALSE,54,56.84,34.99,3.232,NA,NA,NA,NA,NA,192.0116004,7.241,"A",196321
"57913",57913,6,"2012-06-29",FALSE,8,51286.26,87.35,3.286,3997.4,231.9,NA,262.44,4182.9,223.4506878,5.964,"A",202505
"282564",282564,29,"2011-05-13",FALSE,52,910.26,57.71,4.095,NA,NA,NA,NA,NA,134.593,9.966,"B",93638
"19543",19543,2,"2012-07-27",FALSE,10,38330.34,86.37,3.407,6999.14,197.72,2.53,6319.33,5007.01,221.5785461,6.565,"A",202307
"272546",272546,28,"2011-04-22",FALSE,28,535.55,72.12,4.134,NA,NA,NA,NA,NA,128.9553,13.736,"A",206302
"365839",365839,39,"2010-12-31",TRUE,59,4601.1,52.45,2.943,NA,NA,NA,NA,NA,210.182398,8.476,"A",184109
"300231",300231,31,"2011-07-15",FALSE,7,16017.58,91.05,3.575,NA,NA,NA,NA,NA,215.0134426,7.852,"A",203750
"61286",61286,7,"2010-08-27",FALSE,42,8161.55,57.57,2.731,NA,NA,NA,NA,NA,190.3284922,9.017,"B",70713
"209649",209649,22,"2010-07-23",FALSE,56,1731.44,76.91,2.784,NA,NA,NA,NA,NA,136.4366924,8.433,"B",119557
"419420",419420,45,"2011-09-23",FALSE,17,10570.12,63.75,3.711,NA,NA,NA,NA,NA,187.0295321,8.625,"B",118221
"279099",279099,29,"2010-05-07",FALSE,3,5479.81,63.81,2.981,NA,NA,NA,NA,NA,132.1062,10.16,"B",93638
"392943",392943,42,"2010-03-19",FALSE,74,12.03,61.46,3.054,NA,NA,NA,NA,NA,126.6066452,9.765,"C",39690
"398723",398723,42,"2012-06-29",FALSE,59,31.99,91.36,3.875,755.44,NA,NA,NA,1062.46,130.7562667,7.382,"C",39690
"393690",393690,42,"2010-07-09",FALSE,7,1163.03,91.03,3.1,NA,NA,NA,NA,NA,126.1518,9.199,"C",39690
"11454",11454,2,"2010-05-28",FALSE,13,49982.04,81.13,2.759,NA,NA,NA,NA,NA,210.5552301,8.2,"A",202307
"27403",27403,3,"2012-03-02",FALSE,25,6843.9,61.65,3.63,3552.58,601.32,NA,2666.22,1524.87,224.3470245,6.833,"B",37392
"194330",194330,20,"2011-10-07",FALSE,60,739.2,52.42,3.583,NA,NA,NA,NA,NA,210.1170595,7.082,"A",203742
"361445",361445,38,"2012-06-08",FALSE,67,1218.83,84.83,4.103,491.31,NA,11.8,NA,1999.19,130.8896774,11.627,"C",39690
"139894",139894,15,"2010-06-04",FALSE,90,5022.27,69.99,3.006,NA,NA,NA,NA,NA,132.3648387,8.185,"B",123737
"132101",132101,14,"2011-01-21",FALSE,32,8460.72,30.55,3.229,NA,NA,NA,NA,NA,182.9193368,8.549,"A",200898
"263207",263207,27,"2011-07-22",FALSE,55,11108.4,82.28,3.972,NA,NA,NA,NA,NA,139.7969712,7.85,"A",204184
"365227",365227,39,"2010-10-29",FALSE,29,4891.25,75.14,2.716,NA,NA,NA,NA,NA,210.6736944,8.476,"A",184109
"393650",393650,42,"2010-07-02",FALSE,32,30,92.89,2.978,NA,NA,NA,NA,NA,126.1392,9.199,"C",39690
"177753",177753,18,"2012-10-19",FALSE,34,18687.48,51.96,4,1894.83,NA,2.24,501.85,1453.25,138.8336129,8.243,"B",120653
"226174",226174,23,"2012-05-25",FALSE,50,6655,66.43,3.85,7101.14,NA,246.45,1017.09,2752.95,138.1101935,4.125,"B",114533
"420990",420990,45,"2012-03-02",FALSE,24,5644.92,41.55,3.816,22832.38,2515.25,4,13317.88,2560.48,190.1714927,8.424,"B",118221
"49649",49649,6,"2010-04-09",FALSE,3,11162.86,66.15,2.77,NA,NA,NA,NA,NA,212.1308239,7.092,"A",202505
"140838",140838,15,"2010-09-10",TRUE,34,15328,62.36,2.837,NA,NA,NA,NA,NA,132.7564516,8.099,"B",123737
"409517",409517,44,"2011-04-15",FALSE,3,542.67,41.72,3.616,NA,NA,NA,NA,NA,128.9107333,6.906,"C",39910
"92702",92702,10,"2011-05-13",FALSE,40,97138.38,74.04,4.202,NA,NA,NA,NA,NA,129.089,8.494,"B",126512
"18530",18530,2,"2012-04-20",FALSE,42,9265.85,65.69,3.877,7311.02,2236.2,33.53,878.07,4080.32,221.2021074,6.891,"A",202307
"295407",295407,31,"2010-03-26",FALSE,16,6169.29,51.66,2.732,NA,NA,NA,NA,NA,210.6766095,8.324,"A",203750
"379720",379720,40,"2012-01-27",FALSE,96,10895.79,22.91,3.568,388.59,1327.78,126.72,38.29,1619.57,136.9598387,4.261,"A",155083
"308089",308089,32,"2010-11-26",TRUE,42,5766.32,29.97,2.742,NA,NA,NA,NA,NA,191.0121805,9.137,"A",203007
"67839",67839,7,"2012-07-06",FALSE,41,2718.41,64.67,3.646,2779.97,326.2,5.07,2112.68,1548.33,197.8322195,7.872,"B",70713
"36383",36383,4,"2011-11-25",TRUE,13,68723.63,47.96,3.225,561.45,137.88,83340.33,44.04,9239.23,129.8364,5.143,"A",205863
"115521",115521,12,"2012-02-17",FALSE,72,89612.22,51.8,3.781,17708.64,8549.74,2.88,14234.76,5960.69,130.4546207,12.187,"B",112238
"63667",63667,7,"2011-04-29",FALSE,25,2952.28,26.79,3.663,NA,NA,NA,NA,NA,192.6243322,8.595,"B",70713
"190397",190397,20,"2010-09-17",FALSE,91,85061.23,65.28,2.706,NA,NA,NA,NA,NA,204.7513279,7.527,"A",203742
"384710",384710,41,"2010-09-10",TRUE,98,8837.37,63.3,2.78,NA,NA,NA,NA,NA,190.3958293,7.335,"A",196321
"415607",415607,45,"2010-08-27",FALSE,7,14656.64,71.36,2.755,NA,NA,NA,NA,NA,182.6104063,8.743,"B",118221
"169262",169262,18,"2010-06-11",FALSE,36,2978,64.08,2.83,NA,NA,NA,NA,NA,132.4357419,9.269,"B",120653
"327596",327596,34,"2011-08-19",FALSE,98,6815.24,77.08,3.55,NA,NA,NA,NA,NA,129.2405806,10.641,"A",158114
"79892",79892,9,"2010-05-14",FALSE,96,3373.66,70.53,2.854,NA,NA,NA,NA,NA,213.8469819,6.384,"B",125833
"326104",326104,34,"2011-03-25",FALSE,17,6525.15,53.11,3.48,NA,NA,NA,NA,NA,128.6160645,10.398,"A",158114
"94105",94105,10,"2011-09-23",FALSE,11,26340.36,82.51,3.789,NA,NA,NA,NA,NA,129.5183333,8.257,"B",126512
"31083",31083,4,"2010-06-25",FALSE,40,69541.32,81.1,2.654,NA,NA,NA,NA,NA,126.1266,7.896,"A",205863
"311878",311878,32,"2011-12-02",FALSE,38,66434.75,33.8,3.378,5261.51,65,1075.86,4742.55,25961.21,195.8223287,8.513,"A",203007
"259654",259654,27,"2010-08-06",FALSE,80,29283.31,77.45,2.942,NA,NA,NA,NA,NA,136.4741118,7.982,"A",204184
"56261",56261,6,"2012-01-13",FALSE,67,8056.97,48.33,3.261,4779.48,11967.81,65.72,575.13,4512.18,221.4893412,6.132,"A",202505
"384018",384018,41,"2010-07-02",FALSE,23,19348.41,69.39,2.728,NA,NA,NA,NA,NA,189.4882603,7.335,"A",196321
"162924",162924,17,"2011-06-10",FALSE,20,3468.43,54.57,3.732,NA,NA,NA,NA,NA,129.0357097,6.774,"B",93188
"306120",306120,32,"2010-05-14",FALSE,7,20210.18,46.42,2.788,NA,NA,NA,NA,NA,189.4904116,8.963,"A",203007
"141021",141021,15,"2010-10-01",FALSE,72,34904.76,59.69,2.84,NA,NA,NA,NA,NA,132.7568,8.067,"B",123737
"191348",191348,20,"2010-12-24",FALSE,23,125639.1,25.17,3.141,NA,NA,NA,NA,NA,204.6376731,7.484,"A",203742
"72005",72005,8,"2010-11-26",TRUE,56,965.79,51.07,2.735,NA,NA,NA,NA,NA,215.1077548,6.433,"A",155078
"302429",302429,31,"2012-02-17",FALSE,1,43413.16,45.03,3.51,13158.2,6689.78,10.34,6529.43,7435.73,220.0651993,7.057,"A",203750
"387608",387608,41,"2011-06-24",FALSE,80,18785.61,59.54,3.661,NA,NA,NA,NA,NA,192.9982655,6.934,"A",196321
"77658",77658,8,"2012-06-22",FALSE,3,4760.65,78.85,3.346,5146.44,124.95,2.97,1409.95,3956.16,225.3558843,5.679,"A",155078
"230202",230202,24,"2010-10-01",FALSE,93,30498.8,66.88,2.84,NA,NA,NA,NA,NA,132.7568,8.275,"A",203819
"296338",296338,31,"2010-06-25",FALSE,31,1483.5,87.01,2.653,NA,NA,NA,NA,NA,210.9950134,8.2,"A",203750
"402197",402197,43,"2011-02-11",TRUE,59,93.22,40.65,3.022,NA,NA,NA,NA,NA,204.873871,10.398,"C",41062
"126852",126852,13,"2012-05-18",FALSE,11,19226.67,65.17,3.808,7623.14,NA,86.99,2583.46,3312.67,131.0983226,5.965,"A",219622
"209843",209843,22,"2010-08-13",FALSE,4,31302.82,74.75,2.81,NA,NA,NA,NA,NA,136.4928214,8.433,"B",119557
"148963",148963,16,"2010-03-12",FALSE,79,6063.34,28.64,2.684,NA,NA,NA,NA,NA,189.7372075,7.039,"B",57197
"177650",177650,18,"2012-10-12",FALSE,42,7913.37,50.97,4.029,2241.19,NA,30.08,901.32,3592.56,138.9117,8.243,"B",120653
"16977",16977,2,"2011-11-18",FALSE,79,29367.56,62.01,3.308,6490.92,1217.76,152.12,873.82,7656.42,217.8670218,7.441,"A",202307
"288595",288595,30,"2010-06-11",FALSE,81,12704.09,83.51,2.668,NA,NA,NA,NA,NA,211.1120018,8.2,"C",42988
"250161",250161,26,"2010-09-24",FALSE,93,19914.42,52.47,2.718,NA,NA,NA,NA,NA,132.7619333,8.445,"A",152513
"204573",204573,21,"2011-11-18",FALSE,34,18751.91,61.9,3.308,8864.34,545.17,58.71,747.43,4961.44,217.8670218,7.441,"B",140167
"137310",137310,14,"2012-06-22",FALSE,2,65240.17,74.22,3.564,10291.35,317,4.3,3292.07,6115.51,191.0646096,8.567,"A",200898
"399562",399562,42,"2012-10-26",FALSE,96,17296.52,70.5,4.301,NA,0.75,2,NA,1034.55,131.1930968,6.943,"C",39690
"116831",116831,12,"2012-06-29",FALSE,2,77061.55,90.47,3.875,7439.99,47.6,NA,1330.36,4873.87,130.7562667,11.627,"B",112238
"415915",415915,45,"2010-09-24",FALSE,82,11161.88,68.59,2.713,NA,NA,NA,NA,NA,182.6696737,8.743,"B",118221
"330631",330631,34,"2012-06-15",FALSE,55,7194.16,76.48,3.372,5809.23,32.4,400.09,924.94,3054.63,130.8295333,9.575,"A",158114
"408783",408783,44,"2010-12-31",TRUE,98,2647.19,26.79,2.868,NA,NA,NA,NA,NA,127.0876774,7.61,"C",39910
"313666",313666,32,"2012-05-25",FALSE,32,6351.49,59.74,3.804,7581.03,NA,216.17,748.97,3014.25,197.5886046,8.09,"A",203007
"159895",159895,17,"2010-08-06",FALSE,26,6273.71,70.53,2.802,NA,NA,NA,NA,NA,126.0854516,6.697,"B",93188
"227003",227003,23,"2012-08-17",FALSE,17,29768.74,69.97,3.84,2665.76,33.79,50.4,1135.93,3513.48,138.1857097,4.156,"B",114533
"265861",265861,27,"2012-04-06",FALSE,87,17310.82,48.73,4.143,10800.82,NA,101.35,3079.87,5692.72,141.7712396,8.253,"A",204184
"379174",379174,40,"2011-12-02",FALSE,18,24468.49,38.51,3.501,3966.04,23.47,2363.99,1455.15,15828.62,136.4909333,4.42,"A",155083
"235766",235766,24,"2012-03-23",FALSE,74,10894.61,59.51,4.054,5283.83,652.04,3.4,552.16,3402.95,137.6552903,8.659,"A",203819
"361127",361127,38,"2012-04-27",FALSE,95,45147.87,77.99,4.193,439.84,NA,2.83,NA,1244.18,131.1266667,11.627,"C",39690
"51302",51302,6,"2010-09-17",FALSE,12,6526.7,81.78,2.582,NA,NA,NA,NA,NA,213.0398643,6.973,"A",202505
"20995",20995,3,"2010-03-19",FALSE,25,4568,60.42,2.72,NA,NA,NA,NA,NA,214.5301219,7.368,"B",37392
"64416",64416,7,"2011-07-22",FALSE,80,760.44,56.22,3.545,NA,NA,NA,NA,NA,193.5120367,8.622,"B",70713
"106173",106173,11,"2012-04-06",FALSE,37,4272.62,74.19,3.891,10760.37,NA,45.34,4048.21,5596.73,224.9393405,6.664,"A",207499
"109843",109843,12,"2010-07-09",FALSE,19,2604.36,90.37,3.1,NA,NA,NA,NA,NA,126.1518,14.18,"B",112238
"208080",208080,22,"2010-02-12",TRUE,55,16509.63,28.14,2.771,NA,NA,NA,NA,NA,135.4113076,8.283,"B",119557
"21767",21767,3,"2010-06-11",FALSE,19,755.49,82.1,2.668,NA,NA,NA,NA,NA,214.787913,7.343,"B",37392
"83414",83414,9,"2011-06-24",FALSE,71,1672.87,86.74,3.594,NA,NA,NA,NA,NA,218.6836874,6.38,"B",125833
"147472",147472,15,"2012-07-13",FALSE,96,4939.73,72.62,3.689,3376.03,189.6,50.02,942.78,753.32,138.263,8.193,"B",123737
"216170",216170,22,"2012-06-01",FALSE,80,1575.24,70.01,3.798,16432.28,7.6,73.36,3723.8,3331.57,142.1095438,7.671,"B",119557
"85177",85177,9,"2012-01-06",FALSE,24,1242.52,47.54,3.157,3597.08,6203.76,11.2,3743.55,1912.75,223.4332408,5.667,"B",125833
"302806",302806,31,"2012-03-23",FALSE,28,534.67,62.96,3.787,4783,70.51,2.38,837.58,6900.79,220.9244858,7.057,"A",203750
"125751",125751,13,"2012-02-03",FALSE,11,20160.11,31.39,3.077,53423.29,5822.12,282.08,57817.56,9654.23,130.3496774,6.104,"A",219622
"75479",75479,8,"2011-11-18",FALSE,8,26053.32,51.72,3.308,6839.45,114.32,166.32,868.79,4442.66,221.6911738,6.123,"A",155078
"422277",422277,45,"2012-07-20",FALSE,71,4394.59,78.89,3.567,6682.75,24.24,12.83,2249.85,2288.3,191.1670428,8.684,"B",118221
"177774",177774,18,"2012-10-19",FALSE,18,16240.01,51.96,4,1894.83,NA,2.24,501.85,1453.25,138.8336129,8.243,"B",120653
"351660",351660,37,"2011-07-22",FALSE,6,61.1,83.31,3.651,NA,NA,NA,NA,NA,214.1713416,8.177,"C",39910
"199480",199480,21,"2010-06-04",FALSE,36,6591.5,82.68,2.705,NA,NA,NA,NA,NA,210.833616,8.2,"B",140167
"163711",163711,17,"2011-09-02",FALSE,33,6158.6,69.31,3.58,NA,NA,NA,NA,NA,129.3259355,6.745,"B",93188
"396875",396875,42,"2011-10-21",FALSE,17,348.65,77.91,3.842,NA,NA,NA,NA,NA,129.7821613,7.874,"C",39690
"276479",276479,28,"2012-05-18",FALSE,81,19224.3,84.51,4.11,5282.21,NA,1.23,1188.92,5422.89,131.0983226,11.627,"A",206302
"112553",112553,12,"2011-04-15",FALSE,38,43702.39,57.63,3.868,NA,NA,NA,NA,NA,128.9107333,13.736,"B",112238
"5642",5642,1,"2011-08-05",FALSE,29,4564.77,91.65,3.684,NA,NA,NA,NA,NA,215.544618,7.962,"A",151315
"350870",350870,37,"2011-04-08",FALSE,42,121.81,69.39,3.622,NA,NA,NA,NA,NA,213.8116658,8.3,"C",39910
"245782",245782,25,"2012-04-06",FALSE,74,12401.15,44.73,3.996,10782.56,NA,25.79,1973.99,4389.28,214.2387053,7.139,"B",128107
"373819",373819,40,"2010-06-18",FALSE,22,6937.35,60.97,2.805,NA,NA,NA,NA,NA,132.4733333,5.435,"A",155083
"34031",34031,4,"2011-04-08",FALSE,26,14714,62.61,3.605,NA,NA,NA,NA,NA,128.8238065,5.946,"A",205863
"12097",12097,2,"2010-07-30",FALSE,40,75145.76,83.49,2.64,NA,NA,NA,NA,NA,211.0264684,8.099,"A",202307
"345519",345519,36,"2011-10-21",FALSE,44,2.33,67.89,3.308,NA,NA,NA,NA,NA,216.2468287,7.716,"A",39910
"386503",386503,41,"2011-03-04",FALSE,23,17742.36,34.99,3.232,NA,NA,NA,NA,NA,192.0116004,7.241,"A",196321
"134526",134526,14,"2011-09-16",FALSE,33,11393.31,69.17,3.742,NA,NA,NA,NA,NA,186.8024,8.625,"A",200898
"404748",404748,43,"2012-02-24",FALSE,98,8602.46,53.53,3.555,439.68,361.74,NA,NA,1450.19,212.1174212,9.653,"C",41062
"21385",21385,3,"2010-04-30",FALSE,19,724.79,70.24,2.78,NA,NA,NA,NA,NA,213.6716815,7.343,"B",37392
"112304",112304,12,"2011-03-18",FALSE,27,2693.79,64.21,3.692,NA,NA,NA,NA,NA,128.5121935,14.021,"B",112238
"188328",188328,20,"2010-02-26",FALSE,16,8814.52,32.32,2.754,NA,NA,NA,NA,NA,204.4630869,8.187,"A",203742
"152974",152974,16,"2011-05-20",FALSE,55,5499.78,43.95,3.828,NA,NA,NA,NA,NA,192.831317,6.339,"B",57197
"418362",418362,45,"2011-06-10",FALSE,21,3744.23,73.88,3.881,NA,NA,NA,NA,NA,185.6486923,8.521,"B",118221
"420498",420498,45,"2012-01-13",FALSE,94,3743.16,41.18,3.513,3489.73,11219.72,0.92,489.07,9596.29,189.3260962,8.424,"B",118221
"37263",37263,4,"2012-02-17",FALSE,54,152.76,34.19,3.493,14225.99,11049.65,17.36,11912.49,7565.99,130.4546207,4.607,"A",205863
"227177",227177,23,"2012-09-07",TRUE,26,14601.01,66.74,3.921,13578.43,91.22,85.23,1288.27,4827.11,138.4729355,4.156,"B",114533
"373155",373155,40,"2010-04-09",FALSE,17,7075.66,54.31,2.849,NA,NA,NA,NA,NA,131.9408065,5.435,"A",155083
"401391",401391,43,"2010-10-15",FALSE,32,40,68.78,2.72,NA,NA,NA,NA,NA,203.7299032,10.21,"C",41062
"408136",408136,44,"2010-10-01",FALSE,60,334.4,68.74,2.853,NA,NA,NA,NA,NA,126.2346,7.61,"C",39910
"333262",333262,35,"2010-06-04",FALSE,23,64976.12,74.29,2.847,NA,NA,NA,NA,NA,136.2181682,9.051,"B",103681
"381161",381161,40,"2012-06-22",FALSE,91,39723.72,69.32,3.629,5015.3,438,4.72,2018.54,7972.99,138.1629,4.125,"A",155083
"204634",204634,21,"2011-11-25",TRUE,16,1955.26,56.43,3.236,233.85,206.36,40561.8,319.19,170.64,218.1130269,7.441,"B",140167
"209167",209167,22,"2010-06-04",FALSE,22,9274.6,69.49,2.857,NA,NA,NA,NA,NA,136.2181682,8.348,"B",119557
"373407",373407,40,"2010-05-07",FALSE,27,873.75,60.05,2.981,NA,NA,NA,NA,NA,132.1062,5.435,"A",155083
"172797",172797,18,"2011-06-10",FALSE,33,9125.61,69.49,3.924,NA,NA,NA,NA,NA,134.9425484,8.975,"B",120653
"141492",141492,15,"2010-11-12",FALSE,31,2812.42,39.63,3.065,NA,NA,NA,NA,NA,132.9783226,8.067,"B",123737
"265180",265180,27,"2012-01-27",FALSE,29,4719.82,36.96,3.737,2789.03,4172.39,589.24,101.5,3857.29,140.9124021,8.009,"A",204184
"67874",67874,7,"2012-07-06",FALSE,71,2376.1,64.67,3.646,2779.97,326.2,5.07,2112.68,1548.33,197.8322195,7.872,"B",70713
"131019",131019,14,"2010-10-01",FALSE,41,5982,70.58,2.707,NA,NA,NA,NA,NA,182.7168385,8.724,"A",200898
"308143",308143,32,"2010-12-03",FALSE,82,19998.58,35.18,2.712,NA,NA,NA,NA,NA,190.9931437,9.137,"A",203007
"101912",101912,11,"2011-02-04",FALSE,79,35125.78,47.17,2.989,NA,NA,NA,NA,NA,215.8863367,7.551,"A",207499
"254588",254588,26,"2011-12-16",FALSE,45,55.97,28.24,3.445,2698.03,NA,494.72,533.84,2670.1,136.5335161,7.598,"A",152513
"222779",222779,23,"2011-06-24",FALSE,25,16533.86,63.8,3.851,NA,NA,NA,NA,NA,135.2652667,4.781,"B",114533
"399498",399498,42,"2012-10-12",FALSE,97,21684.95,76.03,4.468,49.38,NA,10.87,NA,970.72,131.1083333,6.943,"C",39690
"417503",417503,45,"2011-03-11",FALSE,3,7619.19,45.01,3.582,NA,NA,NA,NA,NA,184.613419,8.549,"B",118221
"378307",378307,40,"2011-09-09",TRUE,49,59.4,64.83,3.809,NA,NA,NA,NA,NA,136.2745806,4.584,"A",155083
"127692",127692,13,"2012-08-10",FALSE,16,24088.75,81.69,3.509,6249.06,70.38,51.09,3258.43,7070.04,130.7561613,5.765,"A",219622
"226551",226551,23,"2012-07-06",FALSE,22,25285.05,70.86,3.538,6918.05,103.8,26.79,6112.89,5184.17,138.2296333,4.156,"B",114533
"202871",202871,21,"2011-05-20",FALSE,49,11056.62,68.36,3.907,NA,NA,NA,NA,NA,215.3834778,7.931,"B",140167
"309647",309647,32,"2011-04-29",FALSE,93,27569.68,44.86,3.663,NA,NA,NA,NA,NA,192.6243322,8.595,"A",203007
"282768",282768,29,"2011-06-03",FALSE,34,22002.81,70.09,3.973,NA,NA,NA,NA,NA,134.8551613,9.966,"B",93638
"177557",177557,18,"2012-09-28",FALSE,18,5796.25,58.24,4.018,2247.94,22.73,45.56,2464.93,1640.3,138.7395,8.535,"B",120653
"17513",17513,2,"2012-01-13",FALSE,74,18279.11,45.99,3.261,4414.72,12092.63,98.38,708.18,4245.6,219.5328198,7.057,"A",202307
"204783",204783,21,"2011-12-09",FALSE,6,4344.06,41.44,3.158,6862.3,19,330.9,4746.58,17822.36,218.605037,7.441,"B",140167
"408322",408322,44,"2010-10-29",FALSE,5,1025.87,45.12,2.841,NA,NA,NA,NA,NA,126.4364194,7.61,"C",39910
"333701",333701,35,"2010-07-23",FALSE,90,16456.04,81.56,2.771,NA,NA,NA,NA,NA,136.4366924,8.861,"B",103681
"148861",148861,16,"2010-02-26",FALSE,28,255.5,18.12,2.586,NA,NA,NA,NA,NA,189.6018023,7.039,"B",57197
"124830",124830,13,"2011-11-11",FALSE,46,39971.27,33.8,3.513,31400.97,30876.79,645.07,4407.38,7740.27,129.8167097,6.392,"A",219622
"342624",342624,36,"2010-07-23",FALSE,95,50552.85,82.6,2.542,NA,NA,NA,NA,NA,209.9958663,8.36,"A",39910
"277241",277241,28,"2012-08-03",FALSE,2,59692.96,88.16,3.76,27801.87,28.5,76.11,8969.45,5970.49,130.737871,10.926,"A",206302
"161961",161961,17,"2011-03-04",FALSE,33,4343.32,24.21,3.23,NA,NA,NA,NA,NA,128.26475,6.866,"B",93188
"282933",282933,29,"2011-06-17",FALSE,67,9696.09,63.97,3.873,NA,NA,NA,NA,NA,135.0837333,9.966,"B",93638
"373081",373081,40,"2010-04-02",FALSE,8,35189.85,41.39,2.826,NA,NA,NA,NA,NA,131.9019677,5.435,"A",155083
"301299",301299,31,"2011-10-28",FALSE,3,7463.49,65.46,3.372,NA,NA,NA,NA,NA,217.3251824,7.441,"A",203750
"260076",260076,27,"2010-09-17",FALSE,85,4581.68,64.5,2.846,NA,NA,NA,NA,NA,136.6338071,7.982,"A",204184
"408999",408999,44,"2011-02-04",FALSE,3,466.75,23.35,2.974,NA,NA,NA,NA,NA,127.7195806,7.224,"C",39910
"22147",22147,3,"2010-07-30",FALSE,74,3005.51,82.04,2.64,NA,NA,NA,NA,NA,214.695346,7.346,"B",37392
"206679",206679,21,"2012-06-22",FALSE,4,17580.29,81.78,3.346,7545.68,79.95,0.51,3498.46,7223.83,221.4411622,6.891,"B",140167
"346097",346097,36,"2012-01-20",FALSE,82,5704.46,58.9,3.275,318.15,294.59,1.98,NA,589.99,218.6755292,7.244,"A",39910
"13151",13151,2,"2010-11-12",FALSE,17,14651.57,59.69,2.728,NA,NA,NA,NA,NA,211.6608975,8.163,"A",202307
"323837",323837,34,"2010-08-20",FALSE,74,8753.03,76.45,2.671,NA,NA,NA,NA,NA,126.0766452,9.816,"A",158114
"182996",182996,19,"2011-06-17",FALSE,4,31701.58,64.02,3.989,NA,NA,NA,NA,NA,135.0837333,7.658,"A",203819
"286922",286922,29,"2012-08-17",FALSE,1,9407.98,74.92,3.84,1727.05,167.24,0.3,504.22,1175.37,138.1857097,9.419,"B",93638
"418214",418214,45,"2011-05-27",FALSE,10,15077.27,69.7,3.985,NA,NA,NA,NA,NA,185.8603077,8.521,"B",118221
"412970",412970,44,"2012-08-03",FALSE,98,3145.14,81.99,3.512,619.96,NA,1.54,77.58,1429.81,130.737871,5.407,"C",39910
"256512",256512,26,"2012-06-29",FALSE,36,970,60.71,3.577,3441.05,274,NA,256.82,2456.02,138.1962667,7.489,"A",152513
"168068",168068,18,"2010-02-12",TRUE,18,14004,26.41,2.771,NA,NA,NA,NA,NA,131.5866129,9.202,"B",120653
"138455",138455,14,"2012-10-12",FALSE,4,40119.53,54.47,4,3214.56,NA,20.28,822.73,7207.7,192.3272654,8.667,"A",200898
"367534",367534,39,"2011-06-17",FALSE,10,15333.82,85.21,3.637,NA,NA,NA,NA,NA,213.7481256,8.3,"A",184109
"159516",159516,17,"2010-06-25",FALSE,48,287,62.64,2.82,NA,NA,NA,NA,NA,126.1266,6.635,"B",93188
"80348",80348,9,"2010-07-09",FALSE,55,8250.88,78.51,2.642,NA,NA,NA,NA,NA,214.6564301,6.442,"B",125833
"176356",176356,18,"2012-06-01",FALSE,50,1160,71.42,3.798,13525.26,1.2,36.26,1889.92,1629.62,138.1138065,8.304,"B",120653
"150533",150533,16,"2010-09-03",FALSE,6,7075.38,58.02,2.773,NA,NA,NA,NA,NA,190.3621607,6.868,"B",57197
"69485",69485,8,"2010-03-19",FALSE,79,17504.31,47.26,2.72,NA,NA,NA,NA,NA,214.5764954,6.299,"A",155078
"196801",196801,20,"2012-06-08",FALSE,41,2636.43,62.01,3.689,8353.32,516.6,46.76,2073.77,7774.31,214.5527132,7.139,"A",203742
"249130",249130,26,"2010-06-11",FALSE,52,1872.96,51.62,2.83,NA,NA,NA,NA,NA,132.4357419,8.512,"A",152513
"62294",62294,7,"2010-12-10",FALSE,31,2757.84,24.24,2.728,NA,NA,NA,NA,NA,190.9741069,9.137,"B",70713
"371835",371835,39,"2012-08-31",FALSE,97,29896.67,83.72,3.638,24675.17,73.5,63.4,12048.3,15590.53,220.9853964,6.623,"A",184109
"420825",420825,45,"2012-02-17",FALSE,56,1884.25,36.85,3.695,8683.43,7421.99,1.76,9084.92,1995.22,189.8424834,8.424,"B",118221
"34322",34322,4,"2011-05-06",FALSE,34,26027.75,63.41,3.866,NA,NA,NA,NA,NA,129.0444333,5.946,"A",205863
"281391",281391,29,"2011-01-07",FALSE,6,2058.67,32.56,3.193,NA,NA,NA,NA,NA,132.8823226,10.256,"B",93638
"118906",118906,13,"2010-04-23",FALSE,72,61465.04,55.66,2.936,NA,NA,NA,NA,NA,126.4713333,8.107,"A",219622
"304332",304332,31,"2012-08-24",FALSE,11,11168.99,77.72,3.62,6690.73,25.88,0.01,4768.97,7329.68,221.8083518,6.565,"A",203750
"261060",261060,27,"2010-12-24",FALSE,50,2220.5,31.34,3.309,NA,NA,NA,NA,NA,136.597273,8.021,"A",204184
"20425",20425,2,"2012-10-19",FALSE,24,6937.84,68.08,3.594,4461.89,NA,1.14,1579.67,2642.29,223.0598077,6.17,"A",202307
"219269",219269,23,"2010-07-09",FALSE,91,6299.87,77.16,2.806,NA,NA,NA,NA,NA,132.5461333,5.326,"B",114533
"274191",274191,28,"2011-10-07",FALSE,96,25159.81,70.44,3.827,NA,NA,NA,NA,NA,129.6938,12.89,"A",206302
"348747",348747,37,"2010-06-04",FALSE,6,90.24,79.93,2.705,NA,NA,NA,NA,NA,209.9398091,8.464,"C",39910
"129046",129046,14,"2010-03-19",FALSE,79,42332.79,48.79,2.844,NA,NA,NA,NA,NA,182.0779857,8.992,"A",200898
"191792",191792,20,"2011-02-04",FALSE,22,18335.13,28.58,3.231,NA,NA,NA,NA,NA,205.7329407,7.343,"A",203742
"157588",157588,16,"2012-09-14",FALSE,3,6576.79,56.69,3.659,5323.84,NA,9.3,1307.03,4474.84,198.1267184,6.061,"B",57197
"244933",244933,25,"2012-01-06",FALSE,21,4591.42,30.23,3.422,8642.2,26833.97,25.94,1092.98,3714.33,212.5711125,6.961,"B",128107
"172845",172845,18,"2011-06-10",FALSE,36,5338.5,69.49,3.924,NA,NA,NA,NA,NA,134.9425484,8.975,"B",120653
"154839",154839,16,"2011-12-02",FALSE,4,13876.12,27.83,3.378,516.47,61,944.52,9,7124.75,195.8223287,6.232,"B",57197
"197058",197058,20,"2012-06-29",FALSE,48,1034,74.15,3.506,6569.4,605.7,NA,561.31,4567.03,214.6466757,7.139,"A",203742
"149126",149126,16,"2010-04-02",FALSE,18,3943.81,36.19,2.725,NA,NA,NA,NA,NA,189.7048215,6.842,"B",57197
"234763",234763,24,"2011-12-16",FALSE,3,13683.94,36,3.611,6244.37,9.09,143.42,1766.33,5516.14,136.5335161,8.454,"A",203819
